Input,Desired,Output
0.1,0,0
0.2,0.1,0
0.3,0.2,0.00016
0.4,0.3,0.00101936
0.5,0.4,0.00359142
0.4,0.5,0.00775387
0.3,0.4,0.0118787
0.2,0.3,0.0117592
0.1,0.2,0.00891149
0,0.1,0.00469771
